id,category,title,source,content
1,company,Home,https://appinsnap.com/,"**AppInSnap** comes with a tradition of meeting the
                                expanding requirements of diversified individuals and business entities. We offer
                                both customized & off the shelf 

                                In short, we build platforms that make it easy and efficient to develop and
                                operate real-time applications.
                                From **Fintech**, **Transportation**, &
                                **Healthcare** to **Retail** & beyond; we build solutions
                                in various verticals.
                            

EZY Corp and Huawei recently graced APP IN SNAP (Private) Limited with the Strategic Alliance Partner of the Year Award for relentlessly helping them in tearing down the ceilings of the high-tech world and driving digital transformations through the power of innovation

In a formiddble display of digital and technical brilliance, App In Snap (Private Limited ) was nominated for the Huawei Partner of the Year award in 2022.

Harness our Financial services to bring business resilience & growth. With Fintech expertise & technology proficiency, we help businesses get ahead.

We help healthcare organizations foster innovation and digital transformation to cater health challenges and revolutionize medical treatments.

We offer custom e-commerce software development services with an outside-in approach to deliver diversified growth strategies.

Leverage cutting-edge technologies to get efficient warehouse, stock control, transportation and fleet management operations.

We offer complete ERP solutions for housing societies to digitally manage clientage for residential, commercial & business complexes.

Leverage end-to-end tailormade software solutions having functions needed for Legal & Law Enforcement organizations to improve investigations."
2,company,About,https://appinsnap.com/about-us,"We are an IT Company with deep expertise in delivering innovative Digital Infrastructure Services, i.e., Systems, Cloud, Networks, Enterprise, and Digital Integrated technology Solutions in various industries, i.e., Fintech, Logistics, Healthcare, Academia, Public services, etc.

Our Vision is set around our core values of putting Customer & Employee at heart of everything we do. These fundamentals are by design to be reliable, dependable, disciplined & diligent. We believe that human team spirit & collaboration is the code that can improve the quality of lives for generations to come.

To deliver 360-degree IT solutions that cater to the diverse needs of our clients, enabling them to optimize their operations, reduce costs, and stay ahead of the competition. We are committed to providing exceptional customer service, embracing the latest technology trends, and fostering a culture of innovation and continuous learning among our employees.

Project Completed

Satisfied Clients

Experienced Staff

Awards Received

With a team of more than 220+, AppInSnap takes huge pride in meeting and exceeding client's requirements and has developed over 100+ solutions globally since its inception in 2015. We also help cultivate technology solutions in different industry verticals and are continuously expanding our footprint across Asia, Europe, and the Australian continent.

Yes, Appinsnap is present globally with offices in Europe and Middle-east.

AppinSnap supports diversity, in terms of age, gender, ethnicity, religion, disability, sexual orientation, education, and national origin.

AppinSnap offers healthy learning and a progressive environment with an aim to continuously grow as an organization."
3,company,Contact,https://appinsnap.com/contact,"Are you looking for a Digital Solution? From strategy to delivery, we have got you covered!

We are here

App In Snap is thriving to develop custom digital apps, products & services. Let's create a digital innovative world together!

Address

Corporate and Business Square, 1st/2nd floor wazir arcade, Park Ave, Block C Gulberg Greens, Islamabad, Islamabad Capital Territory 44000.

Phone

Share"
4,faq,Faq,https://appinsnap.com/frequently-asked-questions,"You can contact us via email at contact@appinsnap.com or call
051-2745817. Alternatively, fill out the inquiry form on our
website and we’ll get back to you within 24 hours.

All services and deliverables are provided digitally. You will receive access to
project files, live demos, or cloud-hosted environments as applicable.

You may request a refund within 45 days of payment. Refunds are subject to the
status and progress of your project. Please see our Refund Policy for details.

Yes. We offer monthly or annual maintenance packages, including bug fixes, updates,
security patches, and performance optimization.

Yes. Change requests are reviewed and may require a revised quote or timeline,
depending on the complexity.

Absolutely. We follow best practices in cybersecurity and confidentiality. All
client data is encrypted and access is restricted to authorized team members.

Yes, we can sign NDAs, Service Level Agreements (SLAs), and other contracts to
ensure mutual trust and legal protection."
5,policy,Shipping Policy,https://appinsnap.com/shipping-policy,"At **AppInSnap,** we specialize in delivering digital solutions including web
                        development, software, mobile apps, cloud security services and infrastructure services.

#### 1. Delivery of Services

- All services are delivered electronically via email, secure portals, or cloud-based environments.
- Project timelines and delivery milestones are defined during the onboarding or contract signing process.

#### 2. Estimated Delivery Time

You will receive:

-  	A **confirmation email** upon project initiation
-  	**Regular progress updates**
-  	**Final deliverables** via digital transfer or deployment link

#### 3. Physical Goods

If physical delivery becomes applicable in the future (e.g., hardware integrations, promotional material), a dedicated courier and logistics policy will be issued.

#### 4. Delivery Delays

In case of unforeseen delays (technical issues, force majeure, client-side dependencies), clients will be notified immediately with revised timelines.

#### 5. Contact for Delivery Queries

For any questions related to service delivery, please contact us at:

**contact@appinsnap.com**

**051-2745817**"
6,policy,Terms Conditions,https://appinsnap.com/terms-and-conditions,"These Terms govern your use of AppInSnap services and website. By using our services, you agree to the following:

#### 1. Scope of Service

Services provided by AppInSnap will be as agreed in project documentation, quotations, or service contracts.

#### 2. Payment Terms

- All payments must be made as per agreed milestones.
- Late payments may result in service delays or penalties

#### 3. Confidentiality

Both parties agree to maintain confidentiality of shared project and business information.

#### 4. Ownership & Intellectual Property

- Deliverables remain the property of AppInSnap until full payment is made.
- Upon final payment, ownership is transferred to the client unless otherwise agreed.

#### 5. Limitation of Liability

AppInSnap shall not be liable for indirect, incidental, or consequential damages arising from use of our services.

#### 6. Termination

Either party may terminate the contract with written notice. Refunds (if applicable) will follow the refund policy above.

#### 7. Jurisdiction

All agreements are governed by the laws of Pakistan, with legal jurisdiction in **Islamabad**."
7,policy,Return Policy,https://appinsnap.com/return-policy,"At **AppInSnap,** we are committed to delivering high-quality IT services, including
                        website development, software development, and cloud security solutions. We understand that
                        circumstances may arise where a return or cancellation is necessary. Our Return Policy is
                        designed to be transparent and fair to both parties.

#### 1. Eligibility for Returns

- 
                             **Service-Based Deliverables:** Given the nature of our services, returns are
                            generally not applicable once a project has commenced. However, if a client is dissatisfied
                            with the initial deliverables, they may request a revision or cancellation before the
                            project progresses further.
-   **Digital Products:** For any digital products or licenses provided, returns
                            are only accepted if the product is defective or not as described, and the issue is reported
                            within**7 days** of delivery.

#### 2. Process for Returns

To initiate a return or cancellation:

1. **Contact Us:** Reach out to our support team at
                            contact@appinsnap.com or call us at**051-2745817** within the stipulated time frame.
2. **Provide Details:** Include your invoice number, a detailed description of the
                            issue, and any relevant documentation or evidence.
3. **Assessment:** Our team will review the request and determine eligibility
                            based on the nature of the service or product and the information provided.
4. **Resolution:** If approved, we will offer a suitable resolution, which may
                            include revisions, replacements, or partial refunds, as deemed appropriate.

#### 3. Exceptions

- **Completed Projects:** Returns or cancellations are not accepted for projects
                            that have been completed and delivered, unless there is a significant deviation from the
                            agreed-upon specifications.
- **Third-Party Services:** Services involving third-party vendors or platforms
                            are subject to their respective return and cancellation policies.

#### 4. Refund Timeline

Approved refunds will be processed within **45 days** from the date of approval. The amount will be credited to the original payment method unless otherwise agreed upon."
8,policy,Privacy Policy,https://appinsnap.com/privacy-policy,"At **AppInSnap,** we are committed to maintaining the trust and confidence of our
                        customers. This
                        Privacy Policy outlines how we collect, use, and protect your information.

#### Information We Collect

We may collect:

- Personal Information (e.g., name, email, phone number)
- Business Information shared during consultations or onboarding
- Technical data such as IP addresses, browser type, and device information

#### How We Use Your Information

- To deliver our IT services
- For internal documentation and project coordination
- To respond to inquiries and support requests
- For marketing and improvement of service offerings (with consent)

#### Data Protection

- All data is stored securely using industry-standard encryption
- Access to sensitive information is restricted to authorized personnel only

#### Third-Party Disclosure

We do not sell or share your personal data with third parties, except when:

- Required by law
- Necessary for service delivery (e.g., domain registration or server provisioning)

#### Cookies

Our website may use cookies to improve your browsing experience. You can control cookies through your browser settings."
9,policy,Refund Policy,https://appinsnap.com/refund-policy,"At **AppInSnap,** we are committed to maintaining the trust and confidence of our customers. This Privacy Policy outlines how we collect, use, and protect your information.

#### Eligibility

- 
                           	Refunds will be delivered within **45 calendar days** of the payment date.

#### Conditions

-  If work is **in progress** , a**partial refund** may be granted based on the percentage of work completed.
-  	**No refunds** will be provided once the final deliveries have been delivered, or hosting/cloud services have been provisioned.

#### Non-Refundable Items

- One-time consultation fees
- Third-party services or subscriptions

**contact@appinsnap.com** with your invoice number and service details."
10,service,Services,https://appinsnap.com/services,"Revolutionize your digital assets and strategies to help drive results that make a difference.

Transform from legacy system to update for newer computing approaches, frameworks & infrastructure platforms.

Get cost-effective & efficient methodologies for heterogeneous IT landscapes.

Let us automate processes for less duplication, better scheduling, and reduced downtime.

Allow consumers to receive payments directly to phone numbers from anywhere.

With years of experience, get turnkey end-to-end application software development services.

Build a design that will help you enhance your brand recognition and standout from the crowd.

Accelerate workflows and optimize operations from concept to code and development to deployment.

Deliver better patient service, enhance patient care, protect sensitive info & improve real-time monitoring.

We specialize in providing development of the educational platforms to personalize the learning experience.

Connect users working in offices, branches, or remote locations to applications and data in a network.

Increase network productivity while transforming and cutting down infrastructure costs.

Get onsite, colocation facilities, hyperscale and edge datacenters based on the modern industry trends.

Integrate digital customer experiences, retain world-class workforces, and run operations efficiently.

Comprehensive managed database services ensuring high availability and security.

Access, secure and manage digital data, files and services from anywhere around the world.

Reduce the risk of data breach and attacks across IT platforms from exploitation of outsiders.

Alleviate the management of infrastructure & get virtual unlimited network capacity.

IT services to help with the day-to-day running, maintenance, and support of IT needs on an on-going basis.

Identify, investigate, and resolve threats and cyber attacks to safeguard your organizational assets.

A set of policies, tools, & procedures to enable the recovery of vital technology infrastructure & systems."
11,service,Solutions,https://appinsnap.com/solutions,"Home
About Us
Services
Digital Technology Services
Digital Infrastructure Services
Solutions
Blogs
Contact
Solutions
A Few Of Completed Projects
All
Fintech
Healthcare
E-Commerce
Customised ERP
Academia
GeoFencing"
12,service,Cloud Services,https://appinsnap.com/services/digital-infrastructure-services/cloud-services,"In today's digitally transformed world, businesses expect their requirements to be met through flexible and scalable means. Dedicated cloud experts and industry-trained professionals manage the day-to-day operations for the clients of APP IN SNAP, a specialist in cloud services that give businesses custom solutions to drive growth through efficient operations. Our team of experts ensure that you can maximize the benefits of cloud computing, no matter what you requirements are.

## RECOGNIZING CLOUD SERVICE MODELS

Cloud services come in assorted forms, each designed to meet different business needs. Understanding the distinction between public and private cloud services is essential for making informed decisions.

##### PUBLIC CLOUD SERVICES

These are internet-delivered services that are shared between multiple customers. Best suited for businesses who are looking to cut costs and grow faster without an array of hardware infrastructure. Public cloud services are flexible and convenient; they can be used for multiple applications.

##### PRIVATE CLOUD SERVICES

On the other hand, private cloud services are dedicated only to one organization. This model offers additional security and data control, which is why this is the best solution for companies with stricter compliances in place. Within private clouds, organizations can access specific solutions designed around business objectives.

## THE BENIFITS OF MANAGED CLOUD SERVICES

Choosing managed cloud services can significantly enhance your organization's capabilities. Here are some key advantages:

### EXPERT MANAGEMENT

Our team covers all aspects of your cloud system, allowing you to focus on core business operations. With APP IN SNAP's managed services, you can ensure optimal performance without the hassle of day-to-day management.

### COST EFFICIENCY

By leveraging our managed public cloud services, businesses can reduce overhead costs and align with maintaining in-house infrastructure. This cost-effectiveness enables organizations to allocate resources to other strategic initiatives.

### SCALABILITY

Our cloud solutions are anticipated to grow with your business. Whether you need to scale up or down, our managed cloud services provide the flexibility to adapt to changing demands.

## CUSTOMIZED SOLUTIONS FOR EVERY BUSINESS

We are among the esteemed IT cloud service providers that satisfy the exceptional needs of your organization. We understand that each business is different, so our emphasis is on providing customized solutions, including:

### INFRASTRUCTURE AS A SERVICE (IAAS)

We provide virtualized computing supplies over the Internet, allowing businesses to avoid the complexities of maintaining physical hardware.

### PLATFORM AS A SERVICE (PAAS)

Grant developers the provision to shape, deploy, and manage applications without infrastructure complexities.

### SOFTWARE AS A SERVICE (SAAS)

Our solutions deliver software applications over the Internet, ensuring your team can access the tools they need.

## THE MOST USED CLOUD SERVICES

In addition to our public and private cloud offerings, we provide some
                                of the **most used cloud services** in the industry:

### DATA BACKUP AND RECOVERY

Protect your critical data with our reliable backup solutions, ensuring your information is secure and recoverable in emergencies.

### DISASTER RECOVERY AS A SERVICE

Our Data Recovery solutions ensure business continuity by providing forceful recovery plans that reduce interruption during unexpected incidents.

### CLOUD SECURITY SERVICES

Protect your cloud infrastructure with advanced security measures adapted to your specific requirements, protecting your data from threats.

## WHY CHOOSE US FOR CLOUD SERVICES?

The selection of one of the best **managed cloud service
                                    providers** is fundamental for your organization's success. Here's why APP IN
                                SNAP stands out:

### EXPERTISE AND EXPERIENCES

Our team consists of skillful professionals with extensive knowledge of cloud technology. We stay updated on industry movements to deliver the most effective solutions.

### CLIENT-CENTRIC APPROACH

We prioritize understanding your business objectives. Our tailored IT consulting cloud services ensure our solutions align with your strategic goals.

### COMPREHENSIVE SUPPORT

We provide end-to-end support. Our dedicated team is always available to assist you with any cloud-related needs, from initial consultation to implementation and ongoing management."
13,service,Noc Soc,https://appinsnap.com/services/digital-infrastructure-services/noc-and-soc-services,"Our expertise cruises confidently, with consistency and performance as your reliable companions. Our SOC services surpass standard cybersecurity, using advanced technologies for threat detection, disturbance prevention, and incident response service provider. Portray us as your cyber lookouts, diligently protecting your digital assets and operations.

Our 24 7 network monitoring services provide a shield for finding glitches and potential faults before they impact on your operations. Be with us to keep your digital environment stable and robust.

We sort your digital instruments with interest and expertise and guarantee performance. APP IN SNAP's NOC services excel in essential management. We improve your digital performance, creating a cohesive experience.

We are fixing agreements with your network and making sure your digital work runs smoothly without any interruptions.

Our NOC professionals have tools and expertise that allow us to identify issues before they impact your operations. Taking one step onward gives your business the strength it needs to succeed in digital reform.

APP IN SNAP recognizes that every moment holds regarding network incidents. Our NOC team commits to responding immediately and ensuring they tackle issues rapidly and successfully. Ensure that we minimize troubles and keep your business on track.

We want to make your business internet service better to meet your needs and ensure it works properly for you. We focus on understanding your business and working together to repair services in a way that matches your operations.

Our SOC specialists utilize advanced monitoring tools and techniques to stay ahead of capability security threat analysis. We monitor your digital assets for threats, giving you peace of mind to focus on your main business activities.

APP IN SNAP believes in responding to conflict and preventing it from disturbing your operations. Our SOC squad is dedicated to detecting unusual actions, connected with upbeat measures to check disturbances before they increase. We know how your business works and adjust our methods to reduce risks and protect your security.

In the developing design of cyber threats, our SOC services convey a refined touch to analyzing malware. We go far with regular scans, examining the details of malware to understand its nature and source. This enables us to analyze and create solutions that defend your business from various forms of nasty software.

Witness the precision of our cybersecurity incident analysts as they dissect and interpret the intricacies of digital threats. We improve cybersecurity by allowing our experts to find and analyze incidents with a deep level of understanding.

This goes beyond basic knowledge. Our focus is on enhancing cybersecurity through in-depth analyzing by our experts. Our goal is to support you with actionable visions.

Our SOC Services arrange a positive approach to incident response planning. We assist your team in developing personalized incident response plans that align with your business's unique requirements. This ensures that you have control, even when faced with unexpected situations.

Each cybersecurity incident sends a message, and our SOC experts are skilled analysts who investigate it accurately. Our humanized approach to forensically analyzing goes beyond the technical facts. By linking advanced technology equipment with human insight. APP IN SNAP guides you in supporting your defense against future risks.

APP IN SNAP recognizes the solid nature of network and security challenges. Our NOC and SOC teams work together with the knowledge needed to understand and improve your digital systems. The interaction between these individuals makes a general approach to address potential issues before they accelerate.

Integrating our NOC & SOC services confirms that your organization benefits from immediate and organized responses to network and security events. Whether it's a prospective network interruption or a security incident, our teams work hard to address the situation rapidly.

This integration helps with defense strategies by offering a unified and current way to manage network and security issues. By sharing ideas and using familiar technology, we improve efficiency and protect your business from new challenges.

Experience the guarantee of unbroken connectivity as our NOC management services carefully monitor and identify network challenges. Our experts make sure your business's network stays reliable, giving you and your customers a smooth digital experience.

Our improved cybersecurity threats approach ensures that your organization's protections are both technology advanced and customized to fit your business's specific characteristics. This means that your security solution measures are not only cutting-edge but also designed specifically for your company. Join us to see better cybersecurity, with fewer risks and your digital assets ready to defend against threats.

Our NOC & SOC services prioritize issue resolution, ensuring a prompt and competent response to any network or security case. Our teams work together effortlessly, relating expertise and understanding to resolve issues quickly.

We use AI and machine learning tools to analyze data and create helpful information that improves processes. This interaction helps us identify issues and improve network performance to meet your business needs effectively.

Our SOC experts use threat intellect platforms, interference detection systems. Our advanced security professionals explain and inspect the information these tools provide to generate a defense against threats. We aim to detect, understand, respond, and defend your digital assets.

We use platforms to organize and assess the effectiveness of our NOC & SOC services. This includes handling incidents and managing threats. The goal is to ensure smooth communication and understanding. This integration updates processes and turns platforms into productivity tools, improving security in the long run.

The Network Operations Center (NOC) is the cautious judgement that manages your network infrastructure. It focuses on finding and addressing impending issues before they impact operations. Our NOC checks select active monitoring, confirming better network reliability and nonstop connectivity for your business.

While NOC mainly focuses on network performance optimization and stability, the (SOC) Security Operations Center specializes in cybersecurity. APP IN SNAP is an SOC services provider present innovative threat monitoring, incident response, and forensic defending, safeguarding your digital resources against developing security threats.

We understand the importance of incident handling. Our experts take immediate action, ensuring a timely and capable resolution to any network or security risks. Our collaborative approach between NOC and SOC allows for a directed response, reducing time and control on your operations.

We integrate a combination of complex technologies in our NOC & SOC services. We use monitoring systems and tools, AI-driven analytics, and machine learning for NOC. In SOC, intelligent tools include threat hunting platforms, interruption detection systems, and advanced security tools.

We prioritize knowing your business and our expertise to meet your desired needs. In clash response, our teams blend capability with compassion. We believe in creating partnerships, presenting not just services but a collaborative journey toward sustaining your digital landscape.

Certainly! We believe in a combined approach to security. Integrating NOC and SOC services makes for a comprehensive defense policy. The cooperation allows for information flow and provides a view of your digital circumstance's health and security."
14,service,Datacenter,https://appinsnap.com/services/digital-infrastructure-services/datacenter-services,"APP IN SNAP provides comprehensive data center services that ensure
optimal performance, security, and scalability. Whether you require a high-performance data
center or reliable colocation server hosting, we tailor our services to meet your
organization's needs. By partnering with us, you gain access to a performance-optimized data
center that ensures your operations run smoothly and securely, regardless of the demands
placed on your infrastructure.
Our data center services include everything from initial setup to continuous monitoring,
ensuring your business's critical data is always available and protected.

DATA CENTER INFRASTRUCTURE MANAGEMENT

Effective data center infrastructure management (DCIM) is the backbone
of a successful data center operation. We take up a holistic approach to manage your data
center, ensuring that every element works harmoniously to support optimal performance. Our
DCIM solutions focus on monitoring, predictive maintenance, and reporting to keep your data
center running at peak performance.

KEY COMPONENT OF OUR DATA CENTER
INFRASTRUCTURE MANAGEMENT INCLUDE

MONITORING

Continuous tracking of power usage, cooling, and equipment health.

RESOURCE OPTIMIZATION

Maximizing resource utilization to reduce energy costs and improve overall performance.

PREDICTIVE MAINTENANCE

Identifying hidden issues before they cause downtime, ensuring uninterrupted services.

AUTOMATED REPORTING

Providing insights into performance metrics, enabling informed decision-making.

With our data center infrastructure management, businesses can operate in a
high-performance environment where resources are optimized for cost-effectiveness and operational
efficiency.

HIGH AVAILABILITY SOLUTIONS

High-availability solutions are essential to maintaining business
continuity. We design and implement solutions that ensure your data center standards remain operational
despite unexpected failures. Our approach combines severance, failover strategies, and rigid infrastructure
design to guarantee the continuous availability of your significant systems.

OUR HIGH-AVAILABILITY SOLUTIONS INCLUDE

UNWANTED SYSTEM

Redundant infrastructure ensures seamless operations during failures.

Monitoring to detect potential issues and respond immediately.

DISASTER RECOVERY PLANNING

A well-prepared data center disaster recovery plan is significant for
minimizing the impact of unexpected events like natural disasters, cyberattacks, or hardware
failures. APP IN SNAP offers disaster recovery planning services to safeguard your data and
ensure business continuity in emergencies. We create detailed strategies that address data
recovery and infrastructure restoration, providing the least disruption to your operations.

OUR DISASTER RECOVERY PLANNING PROCESS INCLUDES THE
FOLLOWING

ACCESSMENT

Identifying potential threats to your data center infrastructure.

BACKUP SOLUTIONS

Implementing secure, surplus backups to ensure data availability during a disaster.

RECOVERY TESTING

Regular disaster recovery plan testing to ensure effectiveness and quick restoration.

BUSSINESS CONTINUITY PLANNING TESTING

Integrating disaster recovery into broader business continuity strategies to minimize
downtime.

With our data center disaster recovery plan, your organizations can rest assured
that the data is protected and recoverable, even during the most challenging situations.

SCALABILITY AND GROWTH PLANNING

As businesses grow, their data infrastructure needs to scale accordingly. We
propose adapted data center scalability services that allow your infrastructure to expand alongside
your business. Our strategies focus on tractability, enabling you to add resources without
compromising performance or security.

OUR SCALABILITY AND GROWTH PLANNING INCLUDE

MODULAR DESIGN

Designing data centers that can scale
incrementally as your business demands increase.

RESOURCE ALLOCATION

Efficiently distributing resources to
ensure
that growth does not negatively impact performance.

FUTURE-PROOFING

Implementing an infrastructure that
supports
emerging technologies, ensuring long-term flexibility.

COLOCATION SERVICES AND PERFORMANCE OPTIMIZATION

In addition to our core data center services, we offer colocation server
hosting for businesses looking to maximize efficiency without investing in their physical
infrastructure. Colocation allows organizations to house their servers in secure facilities,
benefiting from our optimized power, cooling, and connectivity resources.
Our performance-optimized data center ensures that your collocated server’s benefit from
industry-leading uptime, security, and energy efficiency.

KEY ADVANTAGE OF OUR COLOCATION SERVER HOSTING

COST REDUCTION

Save on building and maintaining your data center.

ENHANCED SECURITY

Benefit from advanced security features like biometric access control and 24/7 surveillance.

IMPROVED CONNECTIVITY

Enjoy high-speed, reliable connectivity for enhanced performance and user experience.

WHY CHOOSE US

Our data center services provide businesses with the infrastructure,
tools, and expertise to ensure security, scalability, and optimal
performance. Our comprehensive services are designed to help your business thrive in a fast-paced
digital world, from data center connectivity infrastructure management to high-availability solutions
and disaster recovery planning.
Contact us today to learn how our data center
solutions can support your growth and operational efficiency."
15,service,Backup Disaster Recovery,https://appinsnap.com/services/digital-infrastructure-services/backup-and-disaster-recovery-services,"## SEAMLESS DATA PROTECTION WITH APP IN SNAP

Having a robust a Backup & Disaster Recovery strategy is of paramount significance in the existing digital landscape, as it not only helps businesses safeguard critical data but also maintain business continuity. The disaster recovery services of APP IN SNAP (Pvt.) Limited are not only designed to ensure recovery from disastrous events but also to minimize downtime and provide robust data protection. The services of APP IN SNAP (Pvt.) Limited which include seamless integration, real-time recovery options and automated backups empower businesses to bounce back quickly and provide them with the much-needed peace of mind.

## KEY FEATURES OF BACKUP & DISASTER RECOVERY SERVICES

### AUTOMATED BACKUPS

Secure storing of critical information is ensured by scheduling and automating frequent data backups as it helps reduce the risk of losing data.

### DISASTER RECOVERY PLANNING

Disaster recovery plans are put into place so as to ensure that businesses are ready to respond in cases of emergency.

### REAL-TIME RECOVERY

The real-time recovery solutions are leveraged so as to minimize downtime and quickly restore data and operations.

### CLOUD BACKUP INTEGRATION

Data is stored securely in the cloud to protect it from any natural disaster and hardware failure.

### INCREMENTAL BACKUPS

Incremental backups help businesses save both storage space and time, they also ensure that the records are up to date.

### DATA ENCRYPTION

Advanced encryption techniques are used to protect sensitive data during data storage and transfer, which in turn ensures compliance with the security standards.

### MULTI-SITE REDUNDANCY

Backups are distributed across multiple locations so as to ensure availability of data.

### RANSOMWARE PROTECTION

Businesses are protected from ransomware attacks with the implementation of solutions that can not only help them recover from malware threats but also detect them.

### COMPREHENSIVE REPORTING

Businesses can also keep track of the data protection efforts as they can access reports on recovery operations, data integrity and backup status."
16,service,Application Integration,https://appinsnap.com/services/digital-technology-services/application-integration-services,"At APP IN SNAP, we specialize in Application Integration Services for modern IT infrastructure that ensures disparate systems and applications work together. It is crucial for businesses seeking to enhance operational efficiency, improve data accuracy, and streamline workflows. Application Integration involves connecting various software applications, systems, databases, and platforms to create a cohesive and combined IT environment. This integration process is essential for enabling data exchange, automating business processes, and ensuring that all applications function pleasantly within an organization.

WE OFFER

MODERNIZATION ASSESSMENT

Our Modernization Assessment service evaluates your existing application landscape to
identify opportunities for improvement and modernization. We analyze current systems,
processes, and technologies to develop a strategy that aligns with your business objectives.

LIFT-AND-SHIFT (LASS)

The Lift-and-shift offering involves migrating your applications from on-premises
infrastructure to the cloud with minimal changes. This approach focuses on quickly moving
your existing applications to the cloud to its scalability and cost benefits.

CLOUD-NATIVE MODERNIZATION (PAAS)

Our Cloud-Native Modernization service transforms your applications into cloud-native using
platform-as-a-service (PaaS) technologies. We redesign your applications to fully utilize
cloud capabilities such as scalability, resilience, and microservices.

APPLICATION MIGRATION

We handle all aspects of migration, including planning, execution, and post-migration support, to ensure your new applications perform optimally in their environment.

DEVELOP BUSINESS OUTCOMES THROUGH EFFECTIVE APPLICATION INTEGRATION SERVICES

Effective app integration is pivotal for driving business success and
achieving strategic goals. Businesses can optimize operations, enhance data accuracy, and
improve overall efficiency by connecting applications and services. This integration enables
data flow, automates routine tasks, and provides a unified view of business processes,
leading to informed decision-making and optimized performance. We utilize advanced
integration techniques to help businesses realize clear benefits, including increased
productivity, cost savings, and ultimately encouraging a more responsive and competitive
organization.

CROSS-PLATFORM EXPERTISE

Our team possesses extensive experience integrating applications across
diverse integration platforms and environments. This expertise ensures interoperability
between application systems, enhancing overall operational efficiency and enabling a
cohesive IT ecosystem.

MODERN SKILLS AND METHOD

We employ the latest integration technologies and methodologies,
including Agile practices and DevOps principles. Our modern approach guarantees that
integration projects are executed with precision, integration tools, and techniques to meet
growing business needs.

CONTINUOUS IMPROVEMENTS

We are committed to continuously improving our integration solutions.
Regularly updating and optimizing our integration strategies ensures that your systems
remain current, effective, and aligned with the latest technological developments and
business necessities.

EMPOWERING YOUR ORGANIZATION THROUGH ADVANCED INTEGRATION

Advanced integration is crucial for empowering organizations to achieve operational
excellence and stay ahead of the competition. By adopting integration strategies, businesses can
streamline processes, enhance data consistency, and improve efficiency. At APP IN SNAP, we offer a range
of advanced integration solutions designed to meet the diverse needs of modern enterprises.

POINT-TO-POINT INTEGRATION

This approach connects individual systems directly, allowing data and communication to be
shared. Ideal for simpler integration scenarios, point-to-point Integration ensures that
specific system can interact efficiently without the need for intermediary layers.

SERVICE-ORIENTED ARCHITECTURE (SOA)

SOA is an architectural framework in which services are designed as reusable components that
can be easily integrated across various applications. This approach enables your
organization to adapt quickly to new business requirements and technological advancements.

MESSAGING

Messaging integration uses middleware to facilitate communication between different systems.
This method supports reliable and efficient data exchange, even when systems operate
independently, ensuring interaction and declining the risk of data loss or conflicts.

OFFLINE INTEGRATION

This capability ensures continuity of operations and data integrity in environments with
intermittent connectivity, allowing for uninterrupted workflow and reliable data
integration.

ENTERPRISES SERVICE BUSS (ESB) & MICROSERVICES

ESB provides a centralized communication hub for integrating various services and
applications, while microservices architecture breaks down applications into more minor,
independently deployable services.

OPEN API MANAGEMENT

Open APIs enable external developers and third-party applications to interact with your
systems, encouraging innovation and expanding functionality. We provide standardized access
points, and open APIs facilitate easy Integration with external services and platforms."
17,service,Application Modernization,https://appinsnap.com/services/digital-technology-services/application-modernization-services,"At APP IN SNAP, we specialize in revitalizing legacy applications to propel businesses into the digital age. As a frontrunner in digital services, we help organizations flawlessly transition their outdated systems into modern, efficient, and scalable platforms. Application Modernization Services are crucial for businesses seeking to rope forefront technologies and achieve operational excellence in today’s fast-paced digital environment.

OUR PERMIUM OFFERINGS

COMPERHENSIVE MODERNIZATION SERVICES

DATA PLATFORM STRATEGY

We craft robust data and application
modernization
strategies, optimizing your platform’s data infrastructure to meet current and future
demands. Our data platforms are designed for flexibility, integration, and enhanced
performance, supporting advanced analytics and seamless operations.

DATA SOURCING

Our expertise in data sourcing
involves acquiring,
integrating, and managing data from various internal and external sources. This data
sourcing ensures that your data remains accurate, relevant, and ready for business
intelligence and decision-making.

DATA TRANSFORMATION & BUSINESS RULES

We convert raw data into structured
formats that
facilitate practical analysis. By implementing precise business rules, we ensure that
data is consistently processed in alignment with your organization’s goals.

INDUSTRY DATA MODELS

Our data models are crafted according
to industry
standards, ensuring scalability, adaptability, and adherence to best practices. This
data model supports interoperability and positions your data architecture for long-term
success.

ANALYTICAL CAPABILITIES AND BI REPORTING

Enhance your decision-making with our
advanced
analytics and business intelligence (BI) reporting services. We deliver actionable
insights through robust reporting and analytics tools.

DATA SCIENCE USE CASES

We employ data science techniques,
including
predictive analytics, machine learning, and statistical modeling, to develop actionable
use cases that drive business value and support strategic initiatives.

DATA MANAGED SERVICES

Our managed services encompass the
complete
lifecycle of your data environment, ensuring it remains secure, optimized, and
well-maintained. We provide end-to-end management, including monitoring, support,
and continuous improvement.

CORE ELEMENTS OF DATA MODERNIZATION

BUILGING A SCALABLE, UPCOMING INFRASTRUCTURE

DATA VIRTUALIZATION

Our approach to data virtualization allows for a unified view of data from multiple sources
without physical integration, enhancing data accessibility and flexibility.

DATA QUALITY

Maintaining high data quality is essential for reliable decision-making. We implement
rigorous processes to clean, validate, and uphold data standards.

DATA GOVERNANCE

We establish robust data governance frameworks to manage your data assets effectively,
ensuring compliance, integrity, and streamlined data management.

DATA FABRIC

Our data fabric solutions integrate data across diverse sources and platforms, creating a
cohesive architecture that supports continuous data access and management.

DATA MESH

We promote a decentralized approach to data management through data mesh, treating data as a
product and enabling a flexible, domain-oriented data architecture.

DATA LAKEHOUSE

Combining the strengths of data lakes and data warehouses, our data Lakehouse architecture
supports scalable storage and advanced analytics, offering the best of both worlds.

METADATA MANAGEMENT

We ensure effective metadata management, making data well-documented and easily discoverable
and facilitating better understanding and utilization of data.

WHAT SETS US APART

ADAPTED INNOVATION AND TRUSTED EXPERTISE

Our dedication to innovation, customization, and excellence sets us apart in data management and application modernization services. We use the latest technologies and methodologies to deliver services that drive business growth and ensure long-term success. Focusing on your unique requirements, we align our strategies with your organizational goals, offering unparalleled expertise and support throughout your modernization journey.

KEY ASPECTS OF OUR INNOVATION AND EXPERTIES

TECHNOLOGIES

We utilize the latest tools and platforms to ensure your applications are built with
the most advanced and efficient technologies available.

CUSTOMIZED SERVICES

We modify our services to meet the unique needs of each client, ensuring that every
service aligns perfectly with your specific business objectives.

PROVEN METHHODOLOGIES

We modify our services to meet the unique needs of each client, ensuring that every
service aligns perfectly with your specific business objectives.

CONTINUOUS INNOVATION

We are committed to ongoing research and development, continuously enhancing our
services to stay ahead in the rapidly evolving tech landscape.

DATA-DRIVEN INSIGHTS

We utilize advanced analytics and data science techniques to inform our strategies,
ensuring that your modernization efforts are aligned with actionable insights and
business intelligence.

SECURITY AND COMPLIANCE

Ensuring the highest standards of security and compliance, we protect your data and
applications throughout the modernization process.

WHY CHOOSE APP IN SNAP FOR APPLICATION MODERNIZATION SERVICES?

Our design process begins with a broad discovery and research phase, where we
deeply investigate your business goals, user needs, and competitive surroundings. This stage is
essential for identifying the unique challenges and opportunities shaping the design strategy. We engage
in detailed stakeholder interviews to align our approach with your vision, conduct extensive user
research through surveys, interviews, and observations to gain meaningful insights and perform a
complete modest analysis to pinpoint your market position. By precisely exploring every aspect, we
ensure that the foundation of your project is built on accurate, data-driven insights that guide the
entire design journey.

KEY REASONS TO CHOOSE US

SOLUTION

We customize modernization strategies based on your specific business requirements.

TECHNOLOGIES

Our expertise in the latest tech ensures your applications are future proof.

INTEGRATION

We prioritize minimal disruption during the modernization process.

IMPROVED PERFORMANCE

Our solutions focus on enhancing application speed, security, and user experience.

COST-EFFICIENCY

We help reduce maintenance and operational costs with optimized, updated applications."
18,product,Smart Traffic Enforcement,https://appinsnap.com/products/smart-traffic-enforcement-system,"## INTRODUCTION

Smart Traffic Enforcement System is a robust, end-to-end digital e-challan solution developed by APP IN SNAP , a forward-thinking software house in Pakistan. This product is designed to transform traditional traffic enforcement by digitizing every aspect of violation management — from real-time challan generation to case resolution — while improving transparency, efficiency, and public accountability.

Successfully implemented and in active use by the **Lahore Ring Road,
                                        Islamabad Traffic Police and Khyber Pakhtunkhwa Province** , this solution is now
                                    being offered for deployment in other countries, municipalities, gated societies, and
                                    private road authorities seeking a ready-to-use, scalable system for modern traffic
                                    enforcement.  

## Smarter Traffic, Safer Streets

## THE PROBLEM

In many developing regions, traditional traffic enforcement systems struggle due to:

- Manual challan generation prone to human error and corruption
- Lack of centralized violation or offender history
- Inefficient or untracked penalty collection processes
- Poor accountability, public trust, and legal compliance

These challenges result in financial losses, operational delays, and public dissatisfaction.

## OUR SOLUTION

The Smart Traffic Enforcement System addresses all of these issues
                                    through
                                    a secure, modular digital platform with both  **mobile and web-based
                                        portal:**
                                

- **Field Enforcement:** Officers use a dedicated mobile app to issue
                                        violations on the spot
- **Central Management:** A secure web-based portal handles all backend
                                        operations
- **Role-Based Access:** Only authorized staff access the system

## CORE FEATURES

## ENFORCMENT OPERATIONS

-  **Real-Time Challan Issuance** via authenticated mobile app.
- **IMEI-Based Authentication** for device-level access security.
-  **Zone-wise Officer Assignment** to ensure area-based accountability.
- **Violation Type Selection** with pre-defined penalties and legal
                                                    references.
-  **License Point Management** with auto-alerts and license
                                                    suspensions.
- **Runner Case Handling** for fleeing offender documentation and
                                                    tracking.
-  **Digital Document Management** for confiscation handling and
                                                    tracking.
- **Warning Issuance** for minor infractions.

## OFFICER & ADMIN INTERFACES

- **Officer Dashboard** for issuing secure digital challans via
                                                    authenticated
                                                    mobile app.
- **Administrative Portal** with system usage, revenue, and report
                                                    control.
- **Offline Mode** to support poor-connectivity
                                                    regions.
- **Instant SMS Notifications** to violators at challan issuance.

## REPORTS & RECORD SEARCH

-  **Violator Search** by National ID or Vehicle Registration
                                                    Number.
- **Vehicle Reports** with offense summaries and payment
                                                    status.
-  **Challan History Access** for viewing all recorded actions and
                                                    details.
- **Real-Time Payment Verification** synced with financial records.
-  **Impound & Release Workflow** Impound & Release Workflow with full
                                                    digital
                                                    chain of
                                                    custody.

## EXTENDED CAPABILITIES

- **Data-Driven Reports** by officer, zone, or city.
- **Customizable Fine Structures** adjustable by location-specific rules or
                                                    policies.
- **Secure Audit Trails** for legal and compliance tracking
- **Flexible Workflows** aligned with local enforcement
                                                    policies

## ACCESS CONTROL

A secure **Role-Based Access Control System** defines four
                                    user types:

**SUPER ADMIN:**Full control across all modules and configurations

**REPORTING USER:**Read-only access to zone-specific analytics

**CHALLAN BRANCH USER:**Access to challan documents for verification

**POLICE STATION USER:**Impound/release management within assigned zones

## GROWTH & EXPANSION

Having proven its effectiveness in Islamabad Capital Territory, Lahore Ring Road and Khyber Pakhtunkhwa Province, the Smart Traffic Enforcement System is now ready for scale across:

- Developing Countries' Traffic Departments
- Municipal Authorities digitizing manual enforcement
- Gated Housing Societies with private policing teams
- Universities or Industrial Zones managing internal road safety

## WHY CHOOSE US ?

The solution has been successfully deployed and proven in both a capital city and a province, demonstrating its real-world effectiveness. It is built for scalability, making it suitable for both large and small enforcement teams. The system supports compliance with local laws and is backed by comprehensive technical training, ongoing support, and customization options. With end-to-end ownership, the product covers everything from development to post-deployment assistance, ensuring a reliable and tailored implementation.

##  Over **0.0**  Challans
                                        Issued

                                ##  **48 Cities**  in Coverage

                                ## PLAN & PRICING

**One-Time Licensing for Full Ownership**

**SaaS Subscriptions with updates and support.**

**Cloud or On-Premise Deployment.**

**Annual Maintenance & Support Contracts**

## NEXT STEPS

 **To explore how Smart Traffic Enforcement System can help your
                                        city
                                        or
                                        community:**

Schedule a live product demo

Customize a pilot deployment

Sign an MoU for integration, training, and launch"
